<?xml version="1.0"?>
<Checkpoint Version="9" Minor="0">
	<BUILD_NUMBER Name="2086221"/>
	<FULL_BUILD Name="SW Build 2086221 on Fri Dec 15 20:55:39 MST 2017"/>
	<PRODUCT Name="Vivado v2017.4 (64-bit)"/>
	<Part Name="xc7a35tcpg236-1"/>
	<Top Name="Main"/>
	<DisableAutoIOBuffers Name="0"/>
	<OutOfContext Name="0"/>
	<RunGenerated Name="1"/>
	<HDPlatform Name="0"/>
	<File Type="SHAPE" Name="Main.shape" ModTime="1542668975"/>
	<File Type="EDIF" Name="Main.edf" ModTime="1542668975"/>
	<File Type="VERILOG_STUB" Name="Main_stub.v" ModTime="1542668975"/>
	<File Type="VHDL_STUB" Name="Main_stub.vhdl" ModTime="1542668975"/>
	<File Type="XN" Name="Main.xn" ModTime="1542668975"/>
	<File Type="INCR" Name="Main.incr" ModTime="1542668975"/>
	<File Type="RDA" Name="Main.rda" ModTime="1542668975"/>
	<File Type="REPLAY" Name="Main_iPhysOpt.replay" ModTime="1542668975"/>
	<File Type="WDF" Name="Main.wdf" ModTime="1542668975"/>
</Checkpoint>

