<?xml version="1.0" encoding="UTF-8"?>
<GenRun Id="synth_1" LaunchPart="xc7a35tcpg236-1" LaunchTime="1542356224">
  <File Type="PA-TCL" Name="FourBitAdder.tcl"/>
  <File Type="RDS-PROPCONSTRS" Name="FourBitAdder_drc_synth.rpt"/>
  <File Type="REPORTS-TCL" Name="FourBitAdder_reports.tcl"/>
  <File Type="RDS-RDS" Name="FourBitAdder.vds"/>
  <File Type="RDS-UTIL" Name="FourBitAdder_utilization_synth.rpt"/>
  <File Type="RDS-UTIL-PB" Name="FourBitAdder_utilization_synth.pb"/>
  <File Type="RDS-DCP" Name="FourBitAdder.dcp"/>
  <File Type="VDS-TIMINGSUMMARY" Name="FourBitAdder_timing_summary_synth.rpt"/>
  <File Type="VDS-TIMING-PB" Name="FourBitAdder_timing_summary_synth.pb"/>
  <FileSet Name="sources" Type="DesignSrcs" RelSrcDir="$PSRCDIR/sources_1">
    <Filter Type="Srcs"/>
    <File Path="$PSRCDIR/sources_1/imports/new/FULL_ADDER.vhd">
      <FileInfo>
        <Attr Name="ImportPath" Val="$PPRDIR/../4-bits adder/4-bits adder.srcs/sources_1/new/FULL_ADDER.vhd"/>
        <Attr Name="ImportTime" Val="1541696406"/>
        <Attr Name="UsedIn" Val="synthesis"/>
        <Attr Name="UsedIn" Val="simulation"/>
      </FileInfo>
    </File>
    <File Path="$PSRCDIR/sources_1/imports/new/FourBitAdder.vhd">
      <FileInfo>
        <Attr Name="ImportPath" Val="$PPRDIR/../4-bits adder/4-bits adder.srcs/sources_1/new/FourBitAdder.vhd"/>
        <Attr Name="ImportTime" Val="1541696406"/>
        <Attr Name="UsedIn" Val="synthesis"/>
        <Attr Name="UsedIn" Val="simulation"/>
      </FileInfo>
    </File>
    <Config>
      <Option Name="DesignMode" Val="RTL"/>
      <Option Name="TopModule" Val="FourBitAdder"/>
      <Option Name="TopAutoSet" Val="TRUE"/>
    </Config>
  </FileSet>
  <FileSet Name="constrs_in" Type="Constrs" RelSrcDir="$PSRCDIR/constrs_1">
    <Filter Type="Constrs"/>
    <File Path="$PSRCDIR/constrs_1/imports/Xilinx/Basys-3-Master.xdc">
      <FileInfo>
        <Attr Name="ImportPath" Val="$PPRDIR/../../../../../../../Xilinx/Basys-3-Master.xdc"/>
        <Attr Name="ImportTime" Val="1541185268"/>
        <Attr Name="UsedIn" Val="synthesis"/>
        <Attr Name="UsedIn" Val="implementation"/>
      </FileInfo>
    </File>
    <Config>
      <Option Name="ConstrsType" Val="XDC"/>
    </Config>
  </FileSet>
  <Strategy Version="1" Minor="2">
    <StratHandle Name="Vivado Synthesis Defaults" Flow="Vivado Synthesis 2017"/>
    <Step Id="synth_design"/>
  </Strategy>
</GenRun>
